<?xml version="1.0" encoding="utf-8"?>
<info>
	<name>Warp Theme Framework</name>
	<version>6.0.12</version>
	<creationDate>November 2011</creationDate>
	<updateUrl>http://www.yootheme.com/updates</updateUrl>
	<author>YOOtheme</author>
	<authorEmail>info@yootheme.com</authorEmail>
	<authorUrl>http://www.yootheme.com</authorUrl>
	<copyright>Copyright (C) YOOtheme GmbH</copyright>
	<license>YOOtheme Proprietary Use License (http://www.yootheme.com/license)</license>
	<description>Warp is a fast and slick theme framework - http://www.yootheme.com/warp</description>
</info>